epoch,stage,train_loss,val_loss,val_auc,val_acc,val_sens,val_spec,seconds
1,finetune,0.3747707761824131,0.6089532375335693,0.9693510091017017,0.7742382271468145,0.693609022556391,1.0,5.672241687774658
2,finetune,0.2555071683334453,0.40948641300201416,0.9791897506925208,0.8601108033240997,0.8139097744360902,0.9894736842105263,4.510619163513184
3,finetune,0.20793821793049574,0.3830828368663788,0.9591017016224773,0.8642659279778393,0.9962406015037594,0.49473684210526314,4.199841737747192
4,finetune,0.1831448621781809,0.1118955910205841,0.9922833399287693,0.945983379501385,0.9511278195488722,0.9315789473684211,4.450342178344727
5,finetune,0.17048937265894243,0.34999197721481323,0.9733527898694103,0.8905817174515236,0.9962406015037594,0.5947368421052631,4.302350759506226
6,finetune,0.14906445918604733,0.08332036435604095,0.9950435298773249,0.9709141274238227,0.9849624060150376,0.9315789473684211,4.2326743602752686
7,finetune,0.14103804889933338,0.10732714086771011,0.9917491096161456,0.9570637119113573,0.9774436090225563,0.9,4.3980631828308105
8,finetune,0.1341951451397368,0.10957344621419907,0.9905767708745548,0.9584487534626038,0.9736842105263158,0.9157894736842105,4.227315902709961
9,finetune,0.12539483069309165,0.1813458800315857,0.9928076770874554,0.9307479224376731,0.9116541353383458,0.9842105263157894,4.181919574737549
10,finetune,0.11637128656064825,0.2317056804895401,0.9962257617728532,0.925207756232687,0.8984962406015038,1.0,4.52730393409729
11,finetune,0.11049444960164172,0.06597192585468292,0.9971210922041948,0.9695290858725761,0.9868421052631579,0.9210526315789473,4.347267150878906
12,finetune,0.10437585087493062,0.08917242288589478,0.9958992876929166,0.9681440443213296,0.9906015037593985,0.9052631578947369,4.248678922653198
13,finetune,0.1031278780195862,0.06991370767354965,0.9967154728927582,0.9750692520775623,0.9755639097744361,0.9736842105263158,4.26720118522644
14,finetune,0.09089533105559115,0.07006337493658066,0.9975712307083497,0.9695290858725761,0.9868421052631579,0.9210526315789473,4.241882085800171
15,finetune,0.09292954984121024,0.1697906106710434,0.9959042342698853,0.9376731301939059,0.9981203007518797,0.7684210526315789,4.1941938400268555
16,finetune,0.09326313615310937,0.12675654888153076,0.9955282944202611,0.9515235457063712,0.9398496240601504,0.9842105263157894,4.430755138397217
17,finetune,0.08148385545771036,0.060233451426029205,0.997813612979818,0.9750692520775623,0.9774436090225563,0.968421052631579,4.509788513183594
18,finetune,0.07952127816887307,0.13705012202262878,0.9942520775623268,0.9542936288088643,0.9981203007518797,0.8315789473684211,4.28674840927124
19,finetune,0.07253011374933911,0.05259028822183609,0.99800158290463,0.9764542936288089,0.9868421052631579,0.9473684210526315,4.25897216796875
20,finetune,0.06612694810859726,0.05245663598179817,0.9984962406015038,0.981994459833795,0.9924812030075187,0.9526315789473684,4.334625244140625
21,finetune,0.06665455265070445,0.048449017107486725,0.9983181638306292,0.9806094182825484,0.9924812030075187,0.9473684210526315,4.166175842285156
22,finetune,0.06502946576303137,0.055580951273441315,0.9976652156707557,0.9847645429362881,0.9943609022556391,0.9578947368421052,4.2809531688690186
23,finetune,0.05647659425656976,0.04472764581441879,0.9983775227542542,0.981994459833795,0.9924812030075187,0.9526315789473684,4.3347508907318115
24,finetune,0.05768780893912273,0.04899083450436592,0.9979026513652552,0.9833795013850416,0.9924812030075187,0.9578947368421052,4.194302797317505
25,finetune,0.05291964524824704,0.05675144121050835,0.9975563909774436,0.9778393351800554,0.9793233082706767,0.9736842105263158,4.421068906784058
26,finetune,0.05165037653974391,0.052049487829208374,0.9976948951325683,0.9792243767313019,0.9849624060150376,0.9631578947368421,4.256483316421509
27,finetune,0.054155036206689794,0.04954184591770172,0.9979521171349427,0.9806094182825484,0.9868421052631579,0.9631578947368421,4.1687445640563965
28,finetune,0.046771127161835985,0.05040698125958443,0.9977443609022557,0.9806094182825484,0.9868421052631579,0.9631578947368421,4.5560197830200195
29,finetune,0.04788775484609817,0.051946114748716354,0.9978333992876929,0.9792243767313019,0.9830827067669173,0.968421052631579,4.16725754737854
30,finetune,0.04306697596163888,0.04918648302555084,0.9978333992876928,0.9806094182825484,0.9868421052631579,0.9631578947368421,4.334689378738403
