kind,run,model,seed,name,params,threshold,train_minutes,best_epoch,epochs_run,acc_at_0.5,n_members,auc,accuracy,sensitivity,specificity,f1,tp,tn,fp,fn,auc_ci,accuracy_ci,sensitivity_ci,specificity_ci,f1_ci,border_share_mean,ece_raw,brier_raw,ece_temperature,brier_temperature,ece_platt,brier_platt,saturated_raw,description
main,main/densenet121/seed42,densenet121,42.0,densenet121,6954881,0.5907201766967773,2.306475500265757,9.0,12.0,0.8894230769230769,0,0.9840510628972167,0.8958333333333334,1.0,0.7222222222222222,0.923076923076923,390,169,65,0,"(0.9725321591736864, 0.9922695620958089)","(0.8684188596491228, 0.9185821060382916)","(1.0, 1.0)","(0.6595602021684193, 0.7740585774058577)","(0.8987286103355544, 0.9413376627839055)",0.285097599029541,0.11060600381336301,0.09638512748748342,0.11226976343742445,0.09124909063047305,0.12986247201388598,0.10522472560155809,0.8413461538461539,
main,main/densenet121/seed43,densenet121,43.0,densenet121,6954881,0.7676898241043091,2.0859002629915873,6.0,11.0,0.8461538461538461,0,0.98040214770984,0.8685897435897436,0.9974358974358974,0.6538461538461539,0.9046511627906977,389,153,81,1,"(0.9688870098329582, 0.9899856206378855)","(0.8360841171577567, 0.8963359259502014)","(0.9915486989735021, 1.0)","(0.5930354856411194, 0.7149265029729135)","(0.8760097369355817, 0.9272235037435332)",,0.15502438861146617,0.13447312077842047,0.15438079807156496,0.12356046621512999,0.1708480562940904,0.13832708958263096,0.7836538461538461,
main,main/densenet121/seed44,densenet121,44.0,densenet121,6954881,0.9056565761566162,2.265055211385091,9.0,12.0,0.8798076923076923,0,0.9880451457374534,0.9134615384615384,0.9948717948717949,0.7777777777777778,0.9349397590361446,388,182,52,2,"(0.9803466717752308, 0.9939648102330851)","(0.8868165451635847, 0.9354851389734226)","(0.9873393502970809, 1.0)","(0.7210251251788269, 0.830451690821256)","(0.9110212055005784, 0.9531083867230098)",,0.1200305803270899,0.10379798378380467,0.12203871055712473,0.09876822723551028,0.11929129761316987,0.09662188474778205,0.8092948717948718,
main,main/efficientnet_b0/seed42,efficientnet_b0,42.0,efficientnet_b0,4008829,0.773387610912323,1.6579830209414164,11.0,12.0,0.9118589743589743,0,0.9879026955950032,0.9246794871794872,0.9923076923076923,0.811965811965812,0.9427527405602922,387,190,44,3,"(0.9788762487966381, 0.9941410298811912)","(0.9001663212703322, 0.9456695238233248)","(0.9825414533840836, 1.0)","(0.7563541666666667, 0.8617994579945799)","(0.9224917619546565, 0.9596979636652182)",0.4542287290096283,0.09534401169210317,0.08006837430959071,0.09999147311329931,0.07673450149857214,0.1178096685798679,0.08932980996298041,0.7980769230769231,
main,main/efficientnet_b0/seed43,efficientnet_b0,43.0,efficientnet_b0,4008829,0.46128976345062256,1.5899502635002136,7.0,12.0,0.9022435897435898,0,0.9836346701731318,0.8990384615384616,0.9923076923076923,0.7435897435897436,0.9247311827956989,387,174,60,3,"(0.9728212236175002, 0.9911247080224698)","(0.8719678821754947, 0.9242912739050259)","(0.9825414533840836, 1.0)","(0.6857050492610838, 0.8000207468879669)","(0.8998728997624245, 0.9453416208226025)",,0.09491351639839932,0.07946477235267267,0.09601789400075536,0.07685800185367317,0.11966962181423038,0.09371273306330737,0.7532051282051282,
main,main/efficientnet_b0/seed44,efficientnet_b0,44.0,efficientnet_b0,4008829,0.5746335387229919,1.4333146293958028,6.0,11.0,0.9246794871794872,0,0.9790324348016656,0.9262820512820513,0.9871794871794872,0.8247863247863247,0.9436274509803922,385,193,41,5,"(0.9672420224218844, 0.9880587045383156)","(0.9045937282050696, 0.9470578867744247)","(0.9757396007867706, 0.9955288882404436)","(0.7756834112149532, 0.8730854430379746)","(0.9235203321268896, 0.9606187264925984)",,0.07152810339159874,0.0657159266178311,0.07152633769430937,0.06477528295284618,0.13146292050811784,0.10572301779809617,0.6955128205128205,
main,main/resnet50/seed42,resnet50,42.0,resnet50,23510081,0.4975452423095703,1.206172776222229,10.0,12.0,0.907051282051282,0,0.9749616480385711,0.907051282051282,0.9974358974358974,0.7564102564102564,0.930622009569378,389,177,57,1,"(0.958035700165098, 0.9874027033815288)","(0.8801269718580036, 0.9298859676908457)","(0.9918021527652675, 1.0)","(0.6961937817184857, 0.8095708020050125)","(0.9073990599476036, 0.9487541146653742)",0.35887253284454346,0.08894283803054037,0.08147379150387153,0.09226097840057376,0.07564560410673556,0.10875044452787641,0.08803962637605282,0.8621794871794872,
main,main/resnet50/seed43,resnet50,43.0,resnet50,23510081,0.8683809638023376,1.2085639834403992,7.0,12.0,0.9038461538461539,0,0.9787475345167653,0.9326923076923077,0.9923076923076923,0.8333333333333334,0.948529411764706,387,195,39,3,"(0.9651738688154672, 0.9900057996609266)","(0.911108202443281, 0.9513366150480292)","(0.9825511480718281, 1.0)","(0.7850605263157895, 0.880008547008547)","(0.9297957280104469, 0.9638264702962702)",,0.09615154978000492,0.08017055421155532,0.10203055830585023,0.07658438088727719,0.12306079736384565,0.09134404666227887,0.7788461538461539,
main,main/resnet50/seed44,resnet50,44.0,resnet50,23510081,0.8921873569488525,1.2198014895121256,11.0,12.0,0.9006410256410257,0,0.9857166337935569,0.9198717948717948,0.9871794871794872,0.8076923076923077,0.9390243902439025,385,189,45,5,"(0.977873941696877, 0.9916804703862574)","(0.8957920599746748, 0.9400104669887278)","(0.9746813517701055, 0.9973051227352003)","(0.7553648068669528, 0.8547998695392197)","(0.9173106455039812, 0.9554150766742797)",,0.09839431227397576,0.0886896052651271,0.10227853395796846,0.08465682167881758,0.09516878991540048,0.0801310405879643,0.8493589743589743,
main,main/simple_cnn/seed42,simple_cnn,42.0,simple_cnn,1173473,0.46942904591560364,2.19417306582133,30.0,30.0,0.9134615384615384,0,0.9803692746000437,0.9118589743589743,0.9948717948717949,0.7735042735042735,0.9338146811070999,388,181,53,2,"(0.9693383859693849, 0.989137048483145)","(0.8858063562114452, 0.9359877172429062)","(0.9864855709367905, 1.0)","(0.7142857142857143, 0.8298034227567067)","(0.9108543417366948, 0.952884752116864)",0.26311829686164856,0.08091646786880569,0.0659806342362133,0.08206947858091614,0.06548775418129699,0.12844116183138282,0.1018731115758854,0.7628205128205128,
main,main/simple_cnn/seed43,simple_cnn,43.0,simple_cnn,1173473,0.1901218295097351,2.1785073320070905,24.0,30.0,0.9038461538461539,0,0.9745507341661187,0.8477564102564102,0.9974358974358974,0.5982905982905983,0.8911798396334478,389,140,94,1,"(0.9595506034823902, 0.9854954434767877)","(0.8156108070785598, 0.8770395714532573)","(0.9915486989735021, 1.0)","(0.5341666666666667, 0.6592920353982301)","(0.8627465147782887, 0.9150512638134726)",,0.09739244272582641,0.07924357750388664,0.09872823077410536,0.07747393513563368,0.14357949268103395,0.11406865702446758,0.7403846153846154,
main,main/simple_cnn/seed44,simple_cnn,44.0,simple_cnn,1173473,0.2728956639766693,2.1962549050649005,29.0,30.0,0.9166666666666666,0,0.9811143984220908,0.8862179487179487,0.9948717948717949,0.7051282051282052,0.9161747343565525,388,165,69,2,"(0.970437270627379, 0.9895132683291795)","(0.8564316330499228, 0.9112280403628448)","(0.9864855709367905, 1.0)","(0.6422333797620841, 0.7630749930303875)","(0.8915973817068326, 0.9372585980807058)",,0.08845368092251074,0.07202304713281125,0.09215101281393989,0.07079572514230756,0.11895905287834467,0.09015248851369,0.7451923076923077,
main,main/vit_b_16/seed42,vit_b_16,42.0,vit_b_16,85799425,0.6169934868812561,1.283658758799235,6.0,10.0,0.8990384615384616,0,0.9843797939951785,0.9086538461538461,0.9974358974358974,0.7606837606837606,0.9317365269461078,389,178,56,1,"(0.9743072746766531, 0.9921332735057551)","(0.8819721485839906, 0.9317677841045793)","(0.9915486989735021, 1.0)","(0.6995424550658063, 0.8166058685696027)","(0.9090851553509781, 0.9511626142530706)",0.330849826335907,0.10185664779332547,0.08751164551033787,0.10354421125564259,0.08412956657889635,0.13315245587520574,0.1094869544943391,0.8060897435897436,
main,main/vit_b_16/seed43,vit_b_16,43.0,vit_b_16,85799425,0.6677979230880737,1.2807420055071512,8.0,10.0,0.9022435897435898,0,0.9861932938856015,0.9166666666666666,0.9974358974358974,0.782051282051282,0.9373493975903614,389,183,51,1,"(0.9770576758645825, 0.9928476775313612)","(0.891560639842903, 0.939778659981237)","(0.9915486989735021, 1.0)","(0.7250472289246769, 0.8348019323671497)","(0.9157722783350826, 0.95615151925873)",,0.09774816276329454,0.08397459379514785,0.10307598746521254,0.08061303231035842,0.12920736680336029,0.10095600368316736,0.8125,
main,main/vit_b_16/seed44,vit_b_16,44.0,vit_b_16,85799425,0.7848142385482788,1.258763058980306,6.0,10.0,0.8669871794871795,0,0.9835470085470085,0.9038461538461539,0.9974358974358974,0.7478632478632479,0.9284009546539379,389,175,59,1,"(0.9732828351164541, 0.9910146798068808)","(0.8768452444849981, 0.9279033691003917)","(0.9915486989735021, 1.0)","(0.6874864130434782, 0.8045645615446501)","(0.9048212756366915, 0.9479441004131376)",,0.12932971923983075,0.10952712394868432,0.1319966883211794,0.10407484180889,0.14019750621578275,0.11065602484182822,0.7580128205128205,
ensemble,ensemble/seed42,ensemble,42.0,ensemble,121446689,0.8062923170655315,8.648463122049968,,,0.8782051282051282,5,0.9882423843962306,0.9278846153846154,0.9948717948717949,0.8162393162393162,0.9451887941534715,388,191,43,2,"(0.9780169281847608, 0.9949712708609073)","(0.9049090634669082, 0.9480153301711448)","(0.9864855709367905, 1.0)","(0.7624800531914894, 0.8646581220817029)","(0.9258249568786058, 0.9613282712770553)",,0.12360324056564378,0.09184220947373928,0.12077742037950792,0.09504192532725847,0.12251999840094319,0.09646426664583678,0.6907051282051282,
ensemble,ensemble/seed43,ensemble,43.0,ensemble,121446689,0.6699653206504521,8.343663847446441,,,0.8701923076923077,5,0.986094674556213,0.8958333333333334,0.9948717948717949,0.7307692307692307,0.9227110582639715,388,171,63,2,"(0.9761413333322476, 0.9932908655958254)","(0.8667818646421417, 0.9200014025245442)","(0.9864855709367905, 1.0)","(0.6653029336734694, 0.7873303167420814)","(0.8969334426593817, 0.9426755317167653)",,0.1372730669913121,0.09958699701524716,0.13505823102712522,0.10215407667894928,0.13676534440829044,0.10355414578875219,0.655448717948718,
ensemble,ensemble/seed44,ensemble,44.0,ensemble,121446689,0.8273795160052838,8.373189294338227,,,0.8878205128205128,5,0.9865439403900943,0.9326923076923077,0.9871794871794872,0.8418803418803419,0.9482758620689655,385,197,37,5,"(0.9776554791212303, 0.993169449213366)","(0.911178042763158, 0.9525243646898337)","(0.9757396007867706, 0.9955288882404436)","(0.7925095089903181, 0.8859702610183996)","(0.9289327208563872, 0.9645244852708267)",,0.12101591342616311,0.08895703101024421,0.11770926583966128,0.09165833789066619,0.11733437804364583,0.09144512176258517,0.6634615384615384,
ablation,ablation/epochs_5,simple_cnn,,epochs_5,1173473,0.28427788615226746,0.3804517865180969,5.0,5.0,0.8878205128205128,0,0.950980714442253,0.8461538461538461,0.9948717948717949,0.5982905982905983,0.8899082568807339,388,140,94,2,"(0.9324324012166794, 0.9669960005175342)","(0.811073636153787, 0.8770620949009562)","(0.9865951742627346, 1.0)","(0.5344540229885058, 0.6637177802681918)","(0.8601322411393083, 0.9144051235306491)",,,,,,,,,CNN trained for 5 epochs
ablation,ablation/low_res_112,simple_cnn,,low_res_112,1173473,0.5981361269950867,1.2090838193893432,30.0,30.0,0.9038461538461539,0,0.9839634012710936,0.9102564102564102,0.9923076923076923,0.7735042735042735,0.9325301204819277,387,181,53,3,"(0.9742327130953891, 0.9910616178198224)","(0.8848086768506859, 0.9319673910873297)","(0.9830496470927163, 1.0)","(0.7142564402810304, 0.8240862573099416)","(0.9100758861254615, 0.9503978377065112)",,,,,,,,,CNN at 112x112 input
ablation,ablation/no_augment,simple_cnn,,no_augment,1173473,0.7725306749343872,1.8466103633244833,20.0,28.0,0.8189102564102564,0,0.9369000657462195,0.8509615384615384,0.9846153846153847,0.6282051282051282,0.89198606271777,384,147,87,6,"(0.913585060506416, 0.9566033249441961)","(0.8147984267453293, 0.8792378859266267)","(0.9710825912345032, 0.9950127789977792)","(0.5668164362519201, 0.691247084257837)","(0.8606244648537077, 0.9155442151792517)",,,,,,,,,CNN without data augmentation
ablation,ablation/no_batchnorm,simple_cnn_nobn,,no_batchnorm,1172513,0.30798205733299255,2.147084407011668,27.0,30.0,0.8365384615384616,0,0.9295638834100373,0.8012820512820513,0.9897435897435898,0.48717948717948717,0.8616071428571429,386,114,120,4,"(0.9074303506041089, 0.9492240413095001)","(0.7603944531223471, 0.8359300226047967)","(0.9781897284153166, 0.9975550122249389)","(0.4214519476372925, 0.550757426716506)","(0.8264229313393937, 0.8903088878635135)",,,,,,,,,CNN without BatchNorm
ablation,ablation/no_class_weight,simple_cnn,,no_class_weight,1173473,0.9133679866790771,2.180512185891469,23.0,30.0,0.8349358974358975,0,0.9757396449704142,0.9134615384615384,0.9974358974358974,0.7735042735042735,0.9350961538461539,389,181,53,1,"(0.9625435812525913, 0.9861818537873585)","(0.8879417483344261, 0.9359674861525025)","(0.9915486989735021, 1.0)","(0.7179460580912863, 0.8260869565217391)","(0.9132628051220489, 0.9531254464285713)",,,,,,,,,CNN without class-weighted loss
ablation,ablation/no_shuffle,simple_cnn,,no_shuffle,1173473,0.7112303972244263,2.1403690338134767,30.0,30.0,0.625,0,0.6102454525531448,0.5753205128205128,0.5717948717948718,0.5811965811965812,0.6272855133614627,223,136,98,167,"(0.5641245885026511, 0.6591500265723874)","(0.5368531050955414, 0.617235434843794)","(0.5192692150068925, 0.6267666065040127)","(0.5150214592274678, 0.6450251361541685)","(0.5817614775816239, 0.6704917552898391)",,,,,,,,,"CNN with class-sorted (unshuffled) batches, the v1 bug"
ablation,ablation/resnet50_linear_probe,resnet50,,resnet50_linear_probe,23510081,0.6950275897979736,0.3741357445716858,5.0,5.0,0.7948717948717948,0,0.9322046898969977,0.8381410256410257,0.9282051282051282,0.688034188034188,0.8775757575757575,362,161,73,28,"(0.9097406224985803, 0.9513817144177553)","(0.8056285957377847, 0.8684268717729016)","(0.8997376534862336, 0.9541989331371287)","(0.6283130988078695, 0.7468892370226099)","(0.8474054283290925, 0.9052145173359941)",,,,,,,,,"ResNet50 with frozen ImageNet features, head only (v1-style transfer)"
ablation,ablation/v1_like,simple_cnn_v1,,v1_like,196897,1.0,0.2563865860303243,5.0,5.0,0.625,0,0.2252520271751041,0.375,0.0,1.0,,0,234,0,390,"(0.18794914811329994, 0.26584594463298933)","(0.32457365634227325, 0.42860314640954067)","(0.0, 0.0)","(1.0, 1.0)","(nan, nan)",,,,,,,,,"v1 recipe: v1 CNN, 100px, no augment/class weight/shuffle, 5 epochs, batch 10"
